,len,re,mse,mae
0,96.0,0.0,0.2932897210121155,0.35898861289024353
1,96.0,1.0,0.2809338867664337,0.34252509474754333
2,192.0,0.0,0.36045917868614197,0.3996751010417938
3,192.0,1.0,0.3480592370033264,0.38792067766189575
4,336.0,0.0,0.38517916202545166,0.4245961010456085
5,336.0,1.0,0.3745226562023163,0.4090760052204132
6,720.0,0.0,0.4178183078765869,0.45553460717201233
7,720.0,1.0,0.4001525938510895,0.43450525403022766
