,len,re,mse,mae
0,96.0,0.0,0.27497437596321106,0.33821040391921997
1,96.0,1.0,0.2770707607269287,0.33708322048187256
2,192.0,0.0,0.3375653028488159,0.37542545795440674
3,192.0,1.0,0.3414531350135803,0.3790659010410309
4,336.0,0.0,0.3604468107223511,0.398350328207016
5,336.0,1.0,0.36922481656074524,0.4030974209308624
6,720.0,0.0,0.38533034920692444,0.4238682985305786
7,720.0,1.0,0.3953227996826172,0.42791181802749634
