,len,re,mae,mse
0,96.0,0.0,0.3687102198600769,0.2963426113128662
1,96.0,1.0,0.36388376355171204,0.2955702841281891
2,192.0,0.0,0.4005981385707855,0.35268422961235046
3,192.0,1.0,0.3986360728740692,0.35652637481689453
4,336.0,0.0,0.4240545630455017,0.3802562355995178
5,336.0,1.0,0.41944003105163574,0.38004180788993835
6,720.0,0.0,0.45290085673332214,0.41077250242233276
7,720.0,1.0,0.445498526096344,0.4099627733230591
