,len,re,mse,mae
0,96.0,0.0,0.3204464614391327,0.39323678612709045
1,96.0,1.0,0.34163016080856323,0.4164113700389862
2,192.0,0.0,0.3685697019100189,0.4133734703063965
3,192.0,1.0,0.41130656003952026,0.4540352523326874
4,336.0,0.0,0.4068530797958374,0.4544708728790283
5,336.0,1.0,0.44459429383277893,0.4845137298107147
6,720.0,0.0,0.43573346734046936,0.4744214117527008
7,720.0,1.0,0.47291937470436096,0.5095497965812683
