,len,re,mse,mae
0,96.0,0.0,0.34466707706451416,0.3930222690105438
1,96.0,1.0,0.3337092101573944,0.38484615087509155
2,192.0,0.0,0.39849480986595154,0.42540448904037476
3,192.0,1.0,0.3825201392173767,0.41545790433883667
4,336.0,0.0,0.40559592843055725,0.4358600974082947
5,336.0,1.0,0.4085942506790161,0.43555986881256104
6,720.0,0.0,0.4266420602798462,0.4575559198856354
7,720.0,1.0,0.4276144504547119,0.4569489061832428
