,len,re,mse,mae
0,96.0,0.0,0.27823013067245483,0.33933117985725403
1,96.0,1.0,0.2790248394012451,0.3401898145675659
2,192.0,0.0,0.34132516384124756,0.3757820129394531
3,192.0,1.0,0.342996746301651,0.38163137435913086
4,336.0,0.0,0.35959893465042114,0.3956162929534912
5,336.0,1.0,0.3736649751663208,0.40502193570137024
6,720.0,0.0,0.3809950649738312,0.4185965359210968
7,720.0,1.0,0.39610785245895386,0.4278464913368225
