,len,re,mse,mae
0,96.0,0.0,0.33328112959861755,0.39133429527282715
1,96.0,1.0,0.29205092787742615,0.3517473340034485
2,192.0,0.0,0.39924076199531555,0.43309974670410156
3,192.0,1.0,0.34923771023750305,0.38726726174354553
4,336.0,0.0,0.42740875482559204,0.45565739274024963
5,336.0,1.0,0.3818300664424896,0.41718339920043945
6,720.0,0.0,0.5280113220214844,0.5219311714172363
7,720.0,1.0,0.41154465079307556,0.4451896548271179
