,len,re,mse,mae
0,96.0,0.0,0.3933190405368805,0.44285768270492554
1,96.0,1.0,0.3268759846687317,0.3882348835468292
2,192.0,0.0,0.4668010473251343,0.4856937825679779
3,192.0,1.0,0.3965666592121124,0.42925500869750977
4,336.0,0.0,0.46846312284469604,0.4900108277797699
5,336.0,1.0,0.43559530377388,0.4653647541999817
6,720.0,0.0,0.49511799216270447,0.5194213390350342
7,720.0,1.0,0.4653949439525604,0.49234604835510254
