,len,re,mse,mae
0,96.0,0.0,0.29506251215934753,0.35062068700790405
1,96.0,1.0,0.28039342164993286,0.3377600610256195
2,192.0,0.0,0.36249154806137085,0.3909023702144623
3,192.0,1.0,0.34652280807495117,0.37998566031455994
4,336.0,0.0,0.383465051651001,0.40922248363494873
5,336.0,1.0,0.37435126304626465,0.403947114944458
6,720.0,0.0,0.3990684747695923,0.4326188266277313
7,720.0,1.0,0.395121306180954,0.42664405703544617
