,len,re,mae,mse
0,96.0,0.0,0.33855369687080383,0.27835729718208313
1,96.0,1.0,0.33737698197364807,0.2799760103225708
2,192.0,0.0,0.3757503032684326,0.3423050343990326
3,192.0,1.0,0.3796040415763855,0.3467370569705963
4,336.0,0.0,0.39833182096481323,0.3624442517757416
5,336.0,1.0,0.40232065320014954,0.3715958297252655
6,720.0,0.0,0.4253701865673065,0.38767385482788086
7,720.0,1.0,0.4305155575275421,0.4004157483577728
