,len,re,mae,mse
0,96.0,0.0,0.3848502039909363,0.33251285552978516
1,96.0,1.0,0.3817787766456604,0.3294360935688019
2,192.0,0.0,0.4144245386123657,0.384224534034729
3,192.0,1.0,0.4130212962627411,0.3864481449127197
4,336.0,0.0,0.42850327491760254,0.39860019087791443
5,336.0,1.0,0.44249066710472107,0.4206732511520386
6,720.0,0.0,0.45808953046798706,0.42568346858024597
7,720.0,1.0,0.4720703065395355,0.4508332312107086
