,len,re,mae,mse
0,96.0,0.0,0.3915945291519165,0.32045015692710876
1,96.0,1.0,0.3924235999584198,0.3250901997089386
2,192.0,0.0,0.4153172969818115,0.37183326482772827
3,192.0,1.0,0.42009544372558594,0.3807987570762634
4,336.0,0.0,0.4668882191181183,0.42073795199394226
5,336.0,1.0,0.4658507704734802,0.4255833625793457
6,720.0,0.0,0.5064520239830017,0.4699897766113281
7,720.0,1.0,0.5178127288818359,0.4919224977493286
