,len,re,mae,mse
0,96.0,0.0,0.3593010902404785,0.2944408059120178
1,96.0,1.0,0.3459900915622711,0.2854783833026886
2,192.0,0.0,0.40130117535591125,0.36188992857933044
3,192.0,1.0,0.3852090835571289,0.3493412435054779
4,336.0,0.0,0.42665815353393555,0.3878161609172821
5,336.0,1.0,0.41372916102409363,0.3786253333091736
6,720.0,0.0,0.45645883679389954,0.41907820105552673
7,720.0,1.0,0.4421745538711548,0.40807047486305237
