,len,re,mse,mae
0,96.0,0.0,0.38291922211647034,0.41971081495285034
1,96.0,1.0,0.34282809495925903,0.39002659916877747
2,192.0,0.0,0.45824897289276123,0.4630296230316162
3,192.0,1.0,0.43532368540763855,0.4465968608856201
4,336.0,0.0,0.47073593735694885,0.47645312547683716
5,336.0,1.0,0.45678526163101196,0.4662279188632965
6,720.0,0.0,0.45887091755867004,0.4777083992958069
7,720.0,1.0,0.4557279944419861,0.47258689999580383
