,len,re,mse,mae
0,96.0,0.0,0.29590997099876404,0.3529914617538452
1,96.0,1.0,0.27716243267059326,0.33495110273361206
2,192.0,0.0,0.35862651467323303,0.3921791911125183
3,192.0,1.0,0.34349220991134644,0.3766748309135437
4,336.0,0.0,0.3816310167312622,0.4117545783519745
5,336.0,1.0,0.3736274242401123,0.40303951501846313
6,720.0,0.0,0.4085913896560669,0.44061514735221863
7,720.0,1.0,0.39227843284606934,0.42456474900245667
