,len,re,mse,mae
0,96.0,0.0,0.3139444589614868,0.3884316086769104
1,96.0,1.0,0.294203519821167,0.36369290947914124
2,192.0,0.0,0.3732529580593109,0.42490363121032715
3,192.0,1.0,0.3600296974182129,0.40439918637275696
4,336.0,0.0,0.39520135521888733,0.442954957485199
5,336.0,1.0,0.3891369104385376,0.4271528720855713
6,720.0,0.0,0.4388119578361511,0.48043063282966614
7,720.0,1.0,0.4123879075050354,0.4494614601135254
