,len,re,mse,mae
0,96.0,0.0,0.29953262209892273,0.36426541209220886
1,96.0,1.0,0.28241896629333496,0.3455455005168915
2,192.0,0.0,0.36125630140304565,0.40298065543174744
3,192.0,1.0,0.3483530580997467,0.38645318150520325
4,336.0,0.0,0.3828223645687103,0.42112410068511963
5,336.0,1.0,0.377603143453598,0.4109504818916321
6,720.0,0.0,0.417422890663147,0.4549914300441742
7,720.0,1.0,0.3985477685928345,0.43336859345436096
