,len,re,mse,mae
0,96.0,0.0,0.32846301794052124,0.38308367133140564
1,96.0,1.0,0.3294208347797394,0.38558584451675415
2,192.0,0.0,0.37913626432418823,0.4109576642513275
3,192.0,1.0,0.4084753692150116,0.4350740611553192
4,336.0,0.0,0.393124520778656,0.4246717393398285
5,336.0,1.0,0.42776384949684143,0.44882941246032715
6,720.0,0.0,0.4177192449569702,0.4491143524646759
7,720.0,1.0,0.4416055977344513,0.4673801064491272
