,len,re,mae,mse
0,96.0,0.0,0.3377643823623657,0.2754885256290436
1,96.0,1.0,0.33657222986221313,0.2780960202217102
2,192.0,0.0,0.37593814730644226,0.33889010548591614
3,192.0,1.0,0.37840181589126587,0.3440125286579132
4,336.0,0.0,0.4013046622276306,0.36358970403671265
5,336.0,1.0,0.40252214670181274,0.36922210454940796
6,720.0,0.0,0.4302363097667694,0.3923036754131317
7,720.0,1.0,0.4315459728240967,0.4005512595176697
