,len,re,mse,mae
0,96.0,0.0,0.2956078350543976,0.3685927987098694
1,96.0,1.0,0.29243361949920654,0.3622550368309021
2,192.0,0.0,0.35238271951675415,0.3997945487499237
3,192.0,1.0,0.35370755195617676,0.39842313528060913
4,336.0,0.0,0.376377135515213,0.42068904638290405
5,336.0,1.0,0.378555029630661,0.418062299489975
6,720.0,0.0,0.40619662404060364,0.4508368968963623
7,720.0,1.0,0.4039100110530853,0.44104212522506714
