,len,re,mse,mae
0,96.0,0.0,0.3901597261428833,0.4248071610927582
1,96.0,1.0,0.37075260281562805,0.41024091839790344
2,192.0,0.0,0.4633830189704895,0.47153469920158386
3,192.0,1.0,0.4151250123977661,0.43688666820526123
4,336.0,0.0,0.5059616565704346,0.4969375729560852
5,336.0,1.0,0.4486481249332428,0.4585089385509491
6,720.0,0.0,0.5861696600914001,0.5391173362731934
7,720.0,1.0,0.4951131343841553,0.478916198015213
