,len,re,mse,mae
0,96.0,0.0,0.2964952886104584,0.35171788930892944
1,96.0,1.0,0.29926034808158875,0.3488275706768036
2,192.0,0.0,0.33704760670661926,0.3774985074996948
3,192.0,1.0,0.3392389416694641,0.37058454751968384
4,336.0,0.0,0.37501010298728943,0.40364328026771545
5,336.0,1.0,0.37990912795066833,0.40018659830093384
6,720.0,0.0,0.4234926402568817,0.4318036437034607
7,720.0,1.0,0.43246376514434814,0.4284232556819916
