,len,re,mse,mae
0,96.0,0.0,0.4008217453956604,0.41775277256965637
1,96.0,1.0,0.38011592626571655,0.403592586517334
2,192.0,0.0,0.47401753067970276,0.4526712894439697
3,192.0,1.0,0.4055749773979187,0.4166235029697418
4,336.0,0.0,0.5051940083503723,0.4675898253917694
5,336.0,1.0,0.4397016763687134,0.43515804409980774
6,720.0,0.0,0.7577422261238098,0.573253333568573
7,720.0,1.0,0.457624226808548,0.44318920373916626
