,len,re,mse,mae
0,96.0,0.0,0.29596251249313354,0.35060808062553406
1,96.0,1.0,0.29737311601638794,0.34687232971191406
2,192.0,0.0,0.3390892446041107,0.3776094615459442
3,192.0,1.0,0.3376055955886841,0.36919498443603516
4,336.0,0.0,0.37327954173088074,0.39766138792037964
5,336.0,1.0,0.3734898269176483,0.3916419446468353
6,720.0,0.0,0.41820985078811646,0.4260115921497345
7,720.0,1.0,0.4266049265861511,0.4222935736179352
