,len,re,mse,mae
0,96.0,0.0,0.3050663471221924,0.36307084560394287
1,96.0,1.0,0.3118184506893158,0.36483582854270935
2,192.0,0.0,0.3448977470397949,0.3848581612110138
3,192.0,1.0,0.3470849096775055,0.38098418712615967
4,336.0,0.0,0.379317045211792,0.4036981761455536
5,336.0,1.0,0.3804810643196106,0.4001004993915558
6,720.0,0.0,0.42615899443626404,0.43333756923675537
7,720.0,1.0,0.4343068599700928,0.4300951361656189
