,len,re,mse,mae
0,96.0,0.0,0.3341715633869171,0.38280099630355835
1,96.0,1.0,0.3360891044139862,0.3795109689235687
2,192.0,0.0,0.3840574026107788,0.41858410835266113
3,192.0,1.0,0.3786203861236572,0.40437090396881104
4,336.0,0.0,0.4096764624118805,0.43384572863578796
5,336.0,1.0,0.4099121391773224,0.42555510997772217
6,720.0,0.0,0.47909992933273315,0.47734251618385315
7,720.0,1.0,0.45796656608581543,0.45176753401756287
