,len,re,mse,mae
0,96.0,0.0,0.30636370182037354,0.362063467502594
1,96.0,1.0,0.30474475026130676,0.35794904828071594
2,192.0,0.0,0.3454708456993103,0.3843231499195099
3,192.0,1.0,0.3433300256729126,0.3767508268356323
4,336.0,0.0,0.3778820037841797,0.40200766921043396
5,336.0,1.0,0.3738071024417877,0.3950463533401489
6,720.0,0.0,0.4277649223804474,0.43295249342918396
7,720.0,1.0,0.42360079288482666,0.42277422547340393
