,len,re,mse,mae
0,96.0,0.0,0.2923145294189453,0.34406420588493347
1,96.0,1.0,0.29120057821273804,0.337660014629364
2,192.0,0.0,0.3370547592639923,0.37389713525772095
3,192.0,1.0,0.333910197019577,0.3636406362056732
4,336.0,0.0,0.3704867660999298,0.39447757601737976
5,336.0,1.0,0.3706832230091095,0.3880099058151245
6,720.0,0.0,0.41499143838882446,0.4226166605949402
7,720.0,1.0,0.4237386882305145,0.4191209375858307
