,len,re,mse,mae
0,96.0,0.0,0.1196231096982956,0.25517311692237854
1,96.0,1.0,0.12384403496980667,0.25196516513824463
2,192.0,0.0,0.20719362795352936,0.3380560874938965
3,192.0,1.0,0.21999095380306244,0.3421624004840851
4,336.0,0.0,0.34988173842430115,0.4429868459701538
5,336.0,1.0,0.381568044424057,0.45796045660972595
6,720.0,0.0,1.0257428884506226,0.7815817594528198
7,720.0,1.0,1.0081981420516968,0.7663229703903198
