,len,re,mse,mae
0,96.0,0.0,0.2839673161506653,0.3694593608379364
1,96.0,1.0,0.25972551107406616,0.31618356704711914
2,192.0,0.0,0.4172513782978058,0.46379029750823975
3,192.0,1.0,0.32941004633903503,0.39333364367485046
4,336.0,0.0,0.5314919948577881,0.5414975881576538
5,336.0,1.0,0.439211368560791,0.4835264980792999
6,720.0,0.0,1.1393053531646729,0.825623631477356
7,720.0,1.0,1.4447695016860962,0.9092317223548889
