,len,re,mse,mae
0,96.0,0.0,0.09541310369968414,0.21789607405662537
1,96.0,1.0,0.08646446466445923,0.2046646773815155
2,192.0,0.0,0.19626069068908691,0.3166894018650055
3,192.0,1.0,0.1832352876663208,0.3063242733478546
4,336.0,0.0,0.3428972065448761,0.4276963770389557
5,336.0,1.0,0.3696179687976837,0.44371217489242554
6,720.0,0.0,1.0197944641113281,0.7718856930732727
7,720.0,1.0,1.020761489868164,0.7673810720443726
