,len,re,mse,mae
0,96.0,0.0,0.15412040054798126,0.2846952974796295
1,96.0,1.0,0.1880757063627243,0.3061572313308716
2,192.0,0.0,0.30297911167144775,0.40359801054000854
3,192.0,1.0,0.368773490190506,0.44101905822753906
4,336.0,0.0,0.4275037348270416,0.48881208896636963
5,336.0,1.0,0.5809493064880371,0.5604557991027832
6,720.0,0.0,1.0395394563674927,0.7973023056983948
7,720.0,1.0,0.9268112778663635,0.7342302799224854
