,len,re,mse,mae
0,96.0,0.0,0.16012820601463318,0.296963632106781
1,96.0,1.0,0.1389421671628952,0.26516273617744446
2,192.0,0.0,0.29359209537506104,0.4053287208080292
3,192.0,1.0,0.27166450023651123,0.37814128398895264
4,336.0,0.0,0.4261019229888916,0.49526771903038025
5,336.0,1.0,0.4649094045162201,0.506572961807251
6,720.0,0.0,1.2313504219055176,0.8748977184295654
7,720.0,1.0,0.9465921521186829,0.7395541071891785
