,len,re,mse,mae
0,96.0,0.0,0.1578608751296997,0.30634692311286926
1,96.0,1.0,0.18283888697624207,0.3264288306236267
2,192.0,0.0,0.2509278953075409,0.3854268789291382
3,192.0,1.0,0.2865370810031891,0.4058520793914795
4,336.0,0.0,0.3873520791530609,0.4793264865875244
5,336.0,1.0,0.4421083927154541,0.5068824887275696
6,720.0,0.0,1.116381287574768,0.8252891302108765
7,720.0,1.0,1.22352933883667,0.8557699918746948
