,len,re,mse,mae
0,96.0,0.0,0.49612030386924744,0.4861604571342468
1,96.0,1.0,0.19412259757518768,0.30074504017829895
2,192.0,0.0,0.8402626514434814,0.6455946564674377
3,192.0,1.0,0.42862096428871155,0.4723696708679199
4,336.0,0.0,1.0806503295898438,0.750160276889801
5,336.0,1.0,0.5447337627410889,0.5396286249160767
6,720.0,0.0,2.4509260654449463,1.1779279708862305
7,720.0,1.0,8.056775093078613,1.7074919939041138
