,len,re,mse,mae
0,96.0,0.0,0.09393014758825302,0.21611158549785614
1,96.0,1.0,0.08696867525577545,0.20463278889656067
2,192.0,0.0,0.19538681209087372,0.3164510726928711
3,192.0,1.0,0.18563175201416016,0.3076564371585846
4,336.0,0.0,0.3429109454154968,0.42801252007484436
5,336.0,1.0,0.34618648886680603,0.4292469918727875
6,720.0,0.0,0.9879662394523621,0.7586687803268433
7,720.0,1.0,0.8834986686706543,0.7068600058555603
